first_name,last_name,email
James,Smith,james-smith@example.com
Mary,Johnson-Jacob,mary.johnson@example.com
Robert,Williams,robert.williams@example.com
Patricia,Brown,patricia.brown@example.com
John,Jones,john.jones@example.com
Jennifer,Garcia,jennifer.garcia@example.com
Michael,Miller,michael.miller@example.com
Linda,Davis,linda.davis@example.com
William,Rodriguez,william.rodriguez@example.com
Elizabeth,Martinez,elizabeth.martinez@example.com
David,Hernandez,david.hernandez@example.com
Barbara,Lopez,barbara.lopez@example.com
Richard,Gonzalez,richard.gonzalez@example.com
Susan,Wilson,susan.wilson@example.com
Joseph,Anderson,joseph.anderson@example.com
Jessica,Thomas,jessica.thomas@example.com
Thomas,Taylor,thomas.taylor@example.com
Sarah,Moore,sarah.moore@example.com
Charles,Jackson,charles.jackson@example.com
Karen,Martin,karen.martin@example.com
Christopher,Lee,christopher.lee@example.com
Nancy,Perez,nancy.perez@example.com
Daniel,Thompson,daniel.thompson@example.com
Lisa,White,lisa.white@example.com
Matthew,Harris,matthew.harris@example.com
Margaret,Sanchez,margaret.sanchez@example.com
Anthony,Clark,anthony.clark@example.com
Betty,Ramirez,betty.ramirez@example.com
Mark,Lewis,mark.lewis@example.com
Sandra,Robinson,sandra.robinson@example.com
Donald,Walker,donald.walker@example.com
Ashley,Young,ashley.young@example.com
Steven,Allen,steven.allen@example.com
Dorothy,King,dorothy.king@example.com
Paul,Wright,paul.wright@example.com
Kimberly,Scott,kimberly.scott@example.com
Andrew,Torres,andrew.torres@example.com
Emily,Nguyen,emily.nguyen@example.com
Joshua,Hill,joshua.hill@example.com
Donna,Flores,donna.flores@example.com
Kenneth,Green,kenneth.green@example.com
Michelle,Adams,michelle.adams@example.com
Kevin,Nelson,kevin.nelson@example.com
Carol,Baker,carol.baker@example.com
Brian,Hall,brian.hall@example.com
Amanda,Rivera,amanda.rivera@example.com
George,Campbell,george.campbell@example.com
Melissa,Mitchell,melissa.mitchell@example.com
Edward,Carter,edward.carter@example.com
Deborah,Roberts,deborah.roberts@example.com
Ronald,Gomez,ronald.gomez@example.com
Stephanie,Phillips,stephanie.phillips@example.com
Timothy,Evans,timothy.evans@example.com
Rebecca,Turner,rebecca.turner@example.com
Jason,Diaz,jason.diaz@example.com
Laura,Parker,laura.parker@example.com
Jeffrey,Cruz,jeffrey.cruz@example.com
Sharon,Edwards,sharon.edwards@example.com
Ryan,Collins,ryan.collins@example.com
Cynthia,Reyes,cynthia.reyes@example.com
Jacob,Stewart,jacob.stewart@example.com
Kathleen,Morris,kathleen.morris@example.com
Gary,Morales,gary.morales@example.com
Amy,Murphy,amy.murphy@example.com
Nicholas,Cook,nicholas.cook@example.com
Shirley,Rogers,shirley.rogers@example.com
Eric,Gutierrez,eric.gutierrez@example.com
Angela,Ortiz,angela.ortiz@example.com
Jonathan,Morgan,jonathan.morgan@example.com
Helen,Cooper,helen.cooper@example.com
Stephen,Peterson,stephen.peterson@example.com
Anna,Bailey,anna.bailey@example.com
Larry,Reed,larry.reed@example.com
Brenda,Kelly,brenda.kelly@example.com
Justin,Howard,justin.howard@example.com
Pamela,Ramos,pamela.ramos@example.com
Scott,Kim,scott.kim@example.com
Nicole,Cox,nicole.cox@example.com
Brandon,Ward,brandon.ward@example.com
Samantha,Richardson,samantha.richardson@example.com
Benjamin,Watson,benjamin.watson@example.com
Katherine,Brooks,katherine.brooks@example.com
Samuel,Chavez,samuel.chavez@example.com
Christine,Wood,christine.wood@example.com
Frank,James,frank.james@example.com
Emma,Bennett,emma.bennett@example.com
Gregory,Gray,gregory.gray@example.com
Catherine,Mendoza,catherine.mendoza@example.com
Raymond,Ruiz,raymond.ruiz@example.com
Debra,Hughes,debra.hughes@example.com
Alexander,Price,alexander.price@example.com
Virginia,Alvarez,virginia.alvarez@example.com
Patrick,Castillo,patrick.castillo@example.com
Rachel,Sanders,rachel.sanders@example.com
Jack,Patel,jack.patel@example.com
Carolyn,Myers,carolyn.myers@example.com
Dennis,Long,dennis.long@example.com
Janet,Ross,janet.ross@example.com
Jerry,Foster,jerry.foster@example.com
Maria,Jimenez,maria.jimenez@example.com
