first_name	last_name
James	james-smith@example.com
Mary	mary.johnson@example.com
Robert	robert.williams@example.com
Patricia	patricia.brown@example.com
John	john.jones@example.com
Jennifer	jennifer.garcia@example.com
Michael	michael.miller@example.com
Linda	linda.davis@example.com
William	william.rodriguez@example.com
Elizabeth	elizabeth.martinez@example.com
David	david.hernandez@example.com
Barbara	barbara.lopez@example.com
Richard	richard.gonzalez@example.com
Susan	susan.wilson@example.com
Joseph	joseph.anderson@example.com
Jessica	jessica.thomas@example.com
Thomas	thomas.taylor@example.com
Sarah	sarah.moore@example.com
Charles	charles.jackson@example.com
Karen	karen.martin@example.com
Christopher	christopher.lee@example.com
Nancy	nancy.perez@example.com
Daniel	daniel.thompson@example.com
Lisa	lisa.white@example.com
Matthew	matthew.harris@example.com
Margaret	margaret.sanchez@example.com
Anthony	anthony.clark@example.com
Betty	betty.ramirez@example.com
Mark	mark.lewis@example.com
Sandra	sandra.robinson@example.com
Donald	donald.walker@example.com
Ashley	ashley.young@example.com
Steven	steven.allen@example.com
Dorothy	dorothy.king@example.com
Paul	paul.wright@example.com
Kimberly	kimberly.scott@example.com
Andrew	andrew.torres@example.com
Emily	emily.nguyen@example.com
Joshua	joshua.hill@example.com
Donna	donna.flores@example.com
Kenneth	kenneth.green@example.com
Michelle	michelle.adams@example.com
Kevin	kevin.nelson@example.com
Carol	carol.baker@example.com
Brian	brian.hall@example.com
Amanda	amanda.rivera@example.com
George	george.campbell@example.com
Melissa	melissa.mitchell@example.com
Edward	edward.carter@example.com
Deborah	deborah.roberts@example.com
Ronald	ronald.gomez@example.com
Stephanie	stephanie.phillips@example.com
Timothy	timothy.evans@example.com
Rebecca	rebecca.turner@example.com
Jason	jason.diaz@example.com
Laura	laura.parker@example.com
Jeffrey	jeffrey.cruz@example.com
Sharon	sharon.edwards@example.com
Ryan	ryan.collins@example.com
Cynthia	cynthia.reyes@example.com
Jacob	jacob.stewart@example.com
Kathleen	kathleen.morris@example.com
Gary	gary.morales@example.com
Amy	amy.murphy@example.com
Nicholas	nicholas.cook@example.com
Shirley	shirley.rogers@example.com
Eric	eric.gutierrez@example.com
Angela	angela.ortiz@example.com
Jonathan	jonathan.morgan@example.com
Helen	helen.cooper@example.com
Stephen	stephen.peterson@example.com
Anna	anna.bailey@example.com
Larry	larry.reed@example.com
Brenda	brenda.kelly@example.com
Justin	justin.howard@example.com
Pamela	pamela.ramos@example.com
Scott	scott.kim@example.com
Nicole	nicole.cox@example.com
Brandon	brandon.ward@example.com
Samantha	samantha.richardson@example.com
Benjamin	benjamin.watson@example.com
Katherine	katherine.brooks@example.com
Samuel	samuel.chavez@example.com
Christine	christine.wood@example.com
Frank	frank.james@example.com
Emma	emma.bennett@example.com
Gregory	gregory.gray@example.com
Catherine	catherine.mendoza@example.com
Raymond	raymond.ruiz@example.com
Debra	debra.hughes@example.com
Alexander	alexander.price@example.com
Virginia	virginia.alvarez@example.com
Patrick	patrick.castillo@example.com
Rachel	rachel.sanders@example.com
Jack	jack.patel@example.com
Carolyn	carolyn.myers@example.com
Dennis	dennis.long@example.com
Janet	janet.ross@example.com
Jerry	jerry.foster@example.com
Maria	maria.jimenez@example.com
